{
	"class_name" : "PinholeCameraParameters",
	"extrinsic" : 
	[
		0.99715555574558612,
		-0.040061955673301404,
		0.063842284994678686,
		0.0,
		-0.001542405661348431,
		-0.85770868136382417,
		-0.5141336780428859,
		0.0,
		0.075355282697944823,
		0.51257278275456686,
		-0.85533076862039314,
		0.0,
		0.0014498613216673562,
		0.80624616048199726,
		48.980708269288897,
		1.0
	],
	"intrinsic" : 
	{
		"height" : 540,
		"intrinsic_matrix" : 
		[
			467.65371804359688,
			0.0,
			0.0,
			0.0,
			467.65371804359688,
			0.0,
			479.5,
			269.5,
			1.0
		],
		"width" : 960
	},
	"version_major" : 1,
	"version_minor" : 0
}