{
	"class_name" : "PinholeCameraParameters",
	"extrinsic" : 
	[
		0.99999530955919513,
		0.00035887063914687395,
		-0.0030417217943490829,
		0.0,
		-0.0017358629049080811,
		-0.75180625492857245,
		-0.65938178760885557,
		0.0,
		-0.0025234182343051997,
		0.65938397482964273,
		-0.75180210567560657,
		0.0,
		0.0016317111306135973,
		0.70669787963286623,
		49.117241492280897,
		1.0
	],
	"intrinsic" : 
	{
		"height" : 540,
		"intrinsic_matrix" : 
		[
			467.65371804359688,
			0.0,
			0.0,
			0.0,
			467.65371804359688,
			0.0,
			479.5,
			269.5,
			1.0
		],
		"width" : 960
	},
	"version_major" : 1,
	"version_minor" : 0
}